受信日時,差出人,アドレス,件名,本文,種別
2025/07/01 09:12,中村 美和,miwa@example.com,ラッピングについて,KM-250701-0101 の注文ですが、プレゼント用のラッピングは追加できますか。,問合せ
2025/07/01 13:40,北川 修,osamu@example.jp,届いた皿が欠けていました,昨日届いた豆皿（KM-250630-0088）の縁が欠けていました。交換をお願いします。写真も送れます。,苦情
2025/07/02 10:05,見本出版 編集部,press@example.com,取材のお願い,雑誌の「暮らしの道具」特集で、貴店を紹介させていただけないでしょうか。,その他
2025/07/02 18:22,佐々木 花,hana@example.com,とても気に入りました,先日購入したマグカップ、色合いがとても素敵で毎日使っています。ありがとうございました。,お礼
2025/07/03 08:50,井上 健,ken@example.jp,至急：届け先の変更,KM-250702-0140 の届け先を変更したいです。電話は 090-0000-1234 です。今日中に連絡ください。,問合せ
2025/07/03 11:31,小林 由美,yumi@example.com,二重に請求されています,カードで二重に引き落とされています。すぐに返金してください。対応がなければ消費者センターに相談します。,苦情
2025/07/04 15:02,森 大輔,daisuke@example.jp,再入荷の予定,木製のペン立ては再入荷の予定がありますか。,問合せ
2025/07/04 16:47,営業部 山本,sales@example.com,新商品のご案内,弊社の梱包資材のご案内です。ご検討いただけますと幸いです。,その他
2025/07/05 09:15,石田 綾,aya@example.com,名入れの仕上がり,名入れのボールペンが届きました。きれいに彫られていて感動しました。,お礼
2025/07/05 20:03,高木 誠,makoto@example.jp,配送が遅れています,注文から10日たっても届きません。いつ届くのか教えてください。,苦情
2025/07/06 10:44,田中 優子,yuko@example.com,領収書の発行,KM-250705-0203 の領収書を会社名あてで発行できますか。,問合せ
2025/07/06 14:18,,,,本文だけの行です（件名・差出人なし）。在庫の確認をお願いします。,
