差出人,アドレス,件名,本文
,,名入れの名前について,娘の名前 ゆい をひらがなで入れてください。注文は KM-250926-0201 です。
,,登録名の確認,注文者は 藤原美咲 で登録しています。領収書も同じ名前でお願いします。
,,Gift order,Please engrave the name Misaki Fujiwara on the cutting board. Order KM-250926-0202.
,,配送先の変更,配送先を 港区芝浦3-4-1 シーバンスN館 5階 に変更してください。
,,折り返しのお願い,日中は 090.1234.5678 までお電話ください。
,,連絡先,返信は yamada.taro (at) example.com にお願いします。
,,誕生日プレゼント,平成8年5月3日生まれの妹に贈ります。名入れは不要です。
,,SNS で連絡したい,Instagram の @kanako_0503 に DM をいただけますか。
,,返金先,返金は 三井住友銀行 渋谷支店 普通 7654321 にお願いします。
,,電話が通じません,何度かけても つながりません。ぜろきゅうぜろ いちにさんよん ごろくななはち です。
